building_name,address,location,clean_location
ACADEMIC- 1,RIVERBEN 9D2 A4V0 ES,AG FIELD STAT,AG FIELD STAT
D ADMIN DBL DG,HOLTON 1R0D04 E,AG FIELD STAT,AG FIELD STAT
D RES SETRGE,HOLTON RD,AG FIELD STAT,AG FIELD STAT
DV 2801 2ND,2801 2ND STREET,AG FIELD STAT,AG FIELD STAT
GREENHS DE 2,HOLTON R10D04 E,AG FIELD STAT,AG FIELD STAT
GREENHS EL  2,CARSON 2A2V9E63,AG FIELD STAT,AG FIELD STAT
H 310 HOUSE,UNIVERSIT Y40 R7D0,AG FIELD STAT,AG FIELD STAT
H HAY BARN,UNIVERSIT 4Y0 R7D0,AG FIELD STAT,AG FIELD STAT
H SHOP,UNIVERSIT Y40 R7D0,AG FIELD STAT,AG FIELD STAT
HORSEBA RN,SCOTT 8F2O7R9B ES,AG FIELD STAT,AG FIELD STAT
I POTATO RES,139/HAVLI NHWA Y,AG FIELD STAT,AG FIELD STAT
K GRNHSE 109,RIVERBEN 9D2 A4V0 ES,AG FIELD STAT,AG FIELD STAT
K SHOP K20 1,RIVERBEN D92 A4V0 ES,AG FIELD STAT,AG FIELD STAT
L DORM 403,CARSON A76V0E1,AG FIELD STAT,AG FIELD STAT
L PUMPHSE,CARSON A22V9E63,AG FIELD STAT,AG FIELD STAT
PUMPHSE 2,OAKLAND A17V3E53 W,AG FIELD STAT,AG FIELD STAT
SC ACAD STR,IRVINE B76L0V1D,AG FIELD STAT,AG FIELD STAT
SCREENH SE,CARSON 2A2V9E63,AG FIELD STAT,AG FIELD STAT
SF COLD STR,SCOTT 8F2O7R9B ES,AG FIELD STAT,AG FIELD STAT
SHOP/STR G,139/HAVLI NHWA Y,AG FIELD STAT,AG FIELD STAT
STORAGE 2K1 4,RIVERBEN D92 A4V0 ES,AG FIELD STAT,AG FIELD STAT
STORAGE K20 4,RIVERBEN D92 A4V0 ES,AG FIELD STAT,AG FIELD STAT
WS 313 HOUSE,OAKLAND AVE,AG FIELD STAT,AG FIELD STAT
WS EQ SWTSR G 1,OAKLAND A17V3E53 W,AG FIELD STAT,AG FIELD STAT
ANTHONY,CORE CAMPUS,BERKELEY,BERKELEY
AR CT ANIMAL,WILDERNE SS LODGE,BERKELEY,BERKELEY
AR HQ HDQRTS,WILDERNE S42S0 L1ODGE,BERKELEY,BERKELEY
AR WL CABBAY,WILDERNE 4S2S0 L1ODGE,BERKELEY,BERKELEY
ART GALLERY,CORE CAMPUS,BERKELEY,BERKELEY
BG 1719 ARID,CENTENNI A18L0 D3RIVE -,BERKELEY,BERKELEY
BG 1740 SHOP,CENTENNI 2A0L0 D RIVE -,BERKELEY,BERKELEY
BG 1751 CONF,CENTENNI 2A0L0 D RIVE -,BERKELEY,BERKELEY
BOAT HOUSE,GLASCOC K STREET,BERKELEY,BERKELEY
CALIFORNI A,CORE CAMPUS,BERKELEY,BERKELEY
CHANNIN2 536,HEAD ACNONMAP LEX,BERKELEY,BERKELEY
CKC 10,KERR CALAMRPKU S,BERKELEY,BERKELEY
CKC 2,KERR CALAMRPKU S,BERKELEY,BERKELEY
CKC 8MASLACH,KERR CALAMRPKU S,BERKELEY,BERKELEY
DONNER LAB,CORE CAMPUS,BERKELEY,BERKELEY
EMERGEN ST A,PEAK & GCERNIZTZELNYNI,BERKELEY,BERKELEY
FOOTHILL 3,HEARST A27V0E0,BERKELEY,BERKELEY
FSBR 1,PEAK & CGERNIZTZELNYNI,BERKELEY,BERKELEY
FSBR 7B,PEAK & CGERNIZTZELNYNI,BERKELEY,BERKELEY
FSH 104,OHLONE 7A5V5E,BERKELEY,BERKELEY
FSH 114,GOODING W30A0Y,BERKELEY,BERKELEY
FSH 124,GOODING W73A5Y,BERKELEY,BERKELEY
FSH 134,JACKSON STREET,BERKELEY,BERKELEY
FSH 144,GOODING WAY,BERKELEY,BERKELEY
FSH 154,OHLONE AVENUE,BERKELEY,BERKELEY
FSH 164,735 WEST END WAY,BERKELEY,BERKELEY
FSH COMP TR,1125 8TH STREET,BERKELEY,BERKELEY
FSH LAUNDRY9,1125 8TH STREET,BERKELEY,BERKELEY
GILL BIOCLIM,PABLO A10V5E0  -S GAINLL,BERKELEY,BERKELEY
HAAS PAVIL,CORE CAMPUS,BERKELEY,BERKELEY
HEARST FLD A,CORE CAMPUS,BERKELEY,BERKELEY
HILGARD,CORE CAMPUS,BERKELEY,BERKELEY
HR CONF BLDG,CARMEL V38A6L0L1E EY.,BERKELEY,BERKELEY
HR MOD HSE 2,CARMEL VALLEY,BERKELEY,BERKELEY
KIOSK EAST,CORE CAMPUS,BERKELEY,BERKELEY
LEOPOLD CB,SAGEHEN R11O6A1D6,BERKELEY,BERKELEY
MCENERN EY,1750 ARCH STREET,BERKELEY,BERKELEY
MRI MODLR II,CORE 2C1A5M4P-6U0S,BERKELEY,BERKELEY
OXFORD GPB,WALNUT SHTERAEREST,BERKELEY,BERKELEY
PARKING A,AVE/SCENI C AVE,BERKELEY,BERKELEY
PIEDMON2 234,CORE CAMPUS,BERKELEY,BERKELEY
RFS 102,SOUTH 1463T01H,BERKELEY,BERKELEY
RFS 121,SOUTH 4163T01H,BERKELEY,BERKELEY
RFS 158,SOUTH 4163T01H,BERKELEY,BERKELEY
RFS 176,SOUTH 1463T01H,BERKELEY,BERKELEY
RFS 275,SOUTH 1463T01H,BERKELEY,BERKELEY
RFS 451,SOUTH 4163T01H,BERKELEY,BERKELEY
RFS 475,SOUTH 1463T01H,BERKELEY,BERKELEY
RH1 CENTRAL,DURANT AVE,BERKELEY,BERKELEY
RH2 TOWLE,2650 HASTE ST,BERKELEY,BERKELEY
RUSS BARN,HAPPY 4V9A2L7L EY,BERKELEY,BERKELEY
RUSS LEUS 20,HAPPY 4V9A2L7L EY,BERKELEY,BERKELEY
RUSS STD HSE,HAPPY V49A2L7L EY,BERKELEY,BERKELEY
SCHOOL GR,CARMEL V38A6L0L1E EY.,BERKELEY,BERKELEY
SH OSHB SERVE,SAGEHEN R11O6A1D6,BERKELEY,BERKELEY
SLOTTMA N,DURANT AVE,BERKELEY,BERKELEY
STEAM TUNNEL,CORE CAMPUS,BERKELEY,BERKELEY
STRAWBE RY RR,CORE CAMPUS,BERKELEY,BERKELEY
TANGLEW OOD H,168 HARRISON,BERKELEY,BERKELEY
UNIV H SHED,CORE CAMPUS,BERKELEY,BERKELEY
WARREN,2195 HEARST,BERKELEY,BERKELEY
ACADMC SURGE,CORE CAMPUS,DAVIS,DAVIS
AG PRC LAB,CORE CAMPUS,DAVIS,DAVIS
AG STAD E,CORE CAMPUS,DAVIS,DAVIS
AGSURP CUST,CORE CAMPUS,DAVIS,DAVIS
AH FM HAY,CORE CAMPUS,DAVIS,DAVIS
ANNL FUND TR,CORE CAMPUS,DAVIS,DAVIS
ARBORTM STOR,CORE CAMPUS,DAVIS,DAVIS
ARS H-1,CORE CAMPUS,DAVIS,DAVIS
ARS K-1,CORE CAMPUS,DAVIS,DAVIS
ARS N3,CORE CAMPUS,DAVIS,DAVIS
ARS S5,CORE CAMPUS,DAVIS,DAVIS
ARS T 13,CORE CAMPUS,DAVIS,DAVIS
ARS T 8,CORE CAMPUS,DAVIS,DAVIS
ARS TR R- 3,CORE CAMPUS,DAVIS,DAVIS
ARS X 2,CORE CAMPUS,DAVIS,DAVIS
ARS Z-2,CORE CAMPUS,DAVIS,DAVIS
ATIRC,CORE CAMPUS,DAVIS,DAVIS
BEEBIO,CORE CAMPUS,DAVIS,DAVIS
BODEGA CSF,WESTSIDE R20D99,DAVIS,DAVIS
BODEGA HS TR,WESTSIDE R20D99,DAVIS,DAVIS
BODEGA TBRML  2,WESTSIDE 2R0D99,DAVIS,DAVIS
BWLY PLNT SC,CORE CAMPUS,DAVIS,DAVIS
CATTLE PN3,CORE CAMPUS,DAVIS,DAVIS
CFA ADMIN,CORE CAMPUS,DAVIS,DAVIS
CMPS REC TR,CORE CAMPUS,DAVIS,DAVIS
COMMUNI T,CORE CAMPUS,DAVIS,DAVIS
CRUESS ANNEX,CORE CAMPUS,DAVIS,DAVIS
DAIRY FLDRR,CORE CAMPUS,DAVIS,DAVIS
DOME 15,ORCHARD PARK CIR,DAVIS,DAVIS
DUTTON HALL,CORE CAMPUS,DAVIS,DAVIS
EH,CORE CAMPUS,DAVIS,DAVIS
ENV SRV HZMT,CORE CAMPUS,DAVIS,DAVIS
EU2 WND TUNL,CORE CAMPUS,DAVIS,DAVIS
FAC TES PLNT,CORE CAMPUS,DAVIS,DAVIS
FPS GH 1,CORE CAMPUS,DAVIS,DAVIS
GALLAGHE R,CORE CAMPUS,DAVIS,DAVIS
GR SHED PALW,CORE CAMPUS,DAVIS,DAVIS
GRHS 060,CORE CAMPUS,DAVIS,DAVIS
GRHS 083,CORE CAMPUS,DAVIS,DAVIS
GRHS 108,CORE CAMPUS,DAVIS,DAVIS
GRHS 184,CORE CAMPUS,DAVIS,DAVIS
GRHS 209,CORE CAMPUS,DAVIS,DAVIS
GRHS 219,CORE CAMPUS,DAVIS,DAVIS
GRHS 309,CORE CAMPUS,DAVIS,DAVIS
GRHS 319,CORE CAMPUS,DAVIS,DAVIS
GRHS 609,CORE CAMPUS,DAVIS,DAVIS
GRHS 619,CORE CAMPUS,DAVIS,DAVIS
GRHS 707,CORE CAMPUS,DAVIS,DAVIS
GRHS 717,CORE CAMPUS,DAVIS,DAVIS
HANGOF,AIRPORT RD,DAVIS,DAVIS
HCD STOR ANX,CORE CAMPUS,DAVIS,DAVIS
HD H 051,CORE CAMPUS,DAVIS,DAVIS
HLTH WELL,CORE CAMPUS,DAVIS,DAVIS
HUTCH,CORE CAMPUS,DAVIS,DAVIS
JUNGERM AN,CORE CAMPUS,DAVIS,DAVIS
LATH 006,CORE CAMPUS,DAVIS,DAVIS
LEUKEMIA LAB,CORE CAMPUS,DAVIS,DAVIS
LVMR ST CTR,7000 EAST A14V4E1,DAVIS,DAVIS
MCL FIELD,MORGAN 2V6A8L0L5E Y,DAVIS,DAVIS
MED PATH TR,CORE CAMPUS,DAVIS,DAVIS
NAT PLNT SH,CORE CAMPUS,DAVIS,DAVIS
ORCHARD 5000,ORCHARD P12A4R2K  CIR,DAVIS,DAVIS
ORCHARD 6000,ORCHARD P13A5R4K  CIR,DAVIS,DAVIS
ORCHARD 7000,ORCHARD P13A0R6K  CIR,DAVIS,DAVIS
P HS H,CORE CAMPUS,DAVIS,DAVIS
PARKING SE,CORE CAMPUS,DAVIS,DAVIS
PH D 2&3,CORE CAMPUS,DAVIS,DAVIS
PP CHEM STOR,CORE CAMPUS,DAVIS,DAVIS
PRIM CCSTOR1,COUNTY ROAD 98,DAVIS,DAVIS
PRIM J32,COUNTRY R16O2A9D D 9A8,DAVIS,DAVIS
PRIM SEC KSK,COUNTY ROAD 98,DAVIS,DAVIS
QUAIL PUMP H,HIGHWAY 128,DAVIS,DAVIS
REGAN NOVA,REGAN H53A5L L CIR,DAVIS,DAVIS
RMI SOUTH,CORE CAMPUS,DAVIS,DAVIS
RR- LEANTO 2,COUNTY ROAD 95,DAVIS,DAVIS
RR-PUMP HS,COUNTY ROAD 95,DAVIS,DAVIS
SCREEN 009,CORE CAMPUS,DAVIS,DAVIS
SEG RYERSON,CORE CAMPUS,DAVIS,DAVIS
SLS 6A,CORE CAMPUS,DAVIS,DAVIS
SOLANO 1600,SOLANO P20A8R K CIR,DAVIS,DAVIS
SOLANO 2600,SOLANO 4P4A4R K CIR,DAVIS,DAVIS
SOLANO 3600,SOLANO 3P0A4R K CIR,DAVIS,DAVIS
SPROUL,CORE CAMPUS,DAVIS,DAVIS
STORER,CORE CAMPUS,DAVIS,DAVIS
SVM GEN TR E,CORE CAMPUS,DAVIS,DAVIS
TB 116,CORE CAMPUS,DAVIS,DAVIS
TB 128,CORE CAMPUS,DAVIS,DAVIS
TB 144,COUNTY ROAD 98,DAVIS,DAVIS
TB 164,CORE CAMPUS,DAVIS,DAVIS
TB 175,CORE CAMPUS,DAVIS,DAVIS
TB 184,COUNTY ROAD 98,DAVIS,DAVIS
TB 194,CORE CAMPUS,DAVIS,DAVIS
TB 206,CORE CAMPUS,DAVIS,DAVIS
TCFS BLUE HS,NORTH L2A39K0E,DAVIS,DAVIS
TECS2 LABEN,CORE CAMPUS,DAVIS,DAVIS
TER P3 7,CORE CAMPUS,DAVIS,DAVIS
TUL CLINIC,18830 ROAD 112,DAVIS,DAVIS
TUL SJV STBN,18830 ROAD 112,DAVIS,DAVIS
UMC CNCR CTR,4501 X ST,DAVIS,DAVIS
UMC IMAGING,14750115 X ST,DAVIS,DAVIS
UMC PARKING3,4251 X 9S1T1R3E ET,DAVIS,DAVIS
UMC SAME DAY,4845 2ND A24V0E0N LUAEKE,DAVIS,DAVIS
UMC TRAN SCI,BROADWA 2Y6775,DAVIS,DAVIS
UNIV GAR WST,RESEARC H PARK DR,DAVIS,DAVIS
VEG FLD HQ C,CORE CAMPUS,DAVIS,DAVIS
VETMED3A MPT,CORE CAMPUS,DAVIS,DAVIS
VITI RELO D,CORE CAMPUS,DAVIS,DAVIS
VMTH EQ TRLR,CORE CAMPUS,DAVIS,DAVIS
WEATHER STA,CORE CAMPUS,DAVIS,DAVIS
WELL C1,CORE CAMPUS,DAVIS,DAVIS
WELL E4A,CORE CAMPUS,DAVIS,DAVIS
WLFSKL GAR,PUTAH CREEK RD,DAVIS,DAVIS
WS&E DRN L2,CORE CAMPUS,DAVIS,DAVIS
WYATT RR,CORE CAMPUS,DAVIS,DAVIS
ANT I&R BLDG,CORE CAMPUS,IRVINE,IRVINE
ARROYO 1094,CORE CAMPUS,IRVINE,IRVINE
ARROYOV 1018,CORE CAMPUS,IRVINE,IRVINE
ARROYOV 1038,CORE CAMPUS,IRVINE,IRVINE
ARROYOV 1060,CORE CAMPUS,IRVINE,IRVINE
ART STUDIO,CORE CAMPUS,IRVINE,IRVINE
AYALA LIB,CORE CAMPUS,IRVINE,IRVINE
CAL (IT)2,CORE CAMPUS,IRVINE,IRVINE
CONTEMP ARTS,CORE CAMPUS,IRVINE,IRVINE
ECOLOGY 2,CORE CAMPUS,IRVINE,IRVINE
EXP GAR FAC,CORE CAMPUS,IRVINE,IRVINE
GOTSHAL K PLZ,CORE CAMPUS,IRVINE,IRVINE
HICF TRL C,CORE CAMPUS,IRVINE,IRVINE
KRIEGER HALL,CORE CAMPUS,IRVINE,IRVINE
L LOMAS 2010,CORE CAMPUS,IRVINE,IRVINE
L LOMAS 2020,CORE CAMPUS,IRVINE,IRVINE
M E TH SHIRE,CORE CAMPUS,IRVINE,IRVINE
MC BLDG 23,CITY 1D0R1I VTEHE,IRVINE,IRVINE
MC BLDG 31,CITY 1D0R1I VTEHE,IRVINE,IRVINE
MC BLDG 59,CITY D10R1I VTEHE,IRVINE,IRVINE
ME BAL HMAERR,CORE CAMPUS,IRVINE,IRVINE
MED MOD CLSM,CORE CAMPUS,IRVINE,IRVINE
MEDSCI A ADM,CORE CAMPUS,IRVINE,IRVINE
MESA CIELO,CORE CAMPUS,IRVINE,IRVINE
MESA LAGUNA,CORE CAMPUS,IRVINE,IRVINE
MESA PALO,CORE CAMPUS,IRVINE,IRVINE
MIRKWOO MDE,CORE CAMPUS,IRVINE,IRVINE
NORTHLA MNDE,CORE CAMPUS,IRVINE,IRVINE
PALOVER D2400,CORE CAMPUS,IRVINE,IRVINE
PALOVER D5100,CORE CAMPUS,IRVINE,IRVINE
PALOVER D7400,CORE CAMPUS,IRVINE,IRVINE
PALOVER D8800,CORE CAMPUS,IRVINE,IRVINE
PHENIX GRILL,CORE CAMPUS,IRVINE,IRVINE
RA5 ADMIN,CORE CAMPUS,IRVINE,IRVINE
RA5 APT 1017,CORE CAMPUS,IRVINE,IRVINE
RA5 APT 1037,CORE CAMPUS,IRVINE,IRVINE
RA5 SEM BLG1,CORE CAMPUS,IRVINE,IRVINE
RES APT 6 1B,CORE CAMPUS,IRVINE,IRVINE
RES APT 6 4B,CORE CAMPUS,IRVINE,IRVINE
RES APT 6 6D,CORE CAMPUS,IRVINE,IRVINE
RES APT 6 L2,CORE CAMPUS,IRVINE,IRVINE
RES APT6 11A,CORE CAMPUS,IRVINE,IRVINE
SHOPS OFF T,CORE CAMPUS,IRVINE,IRVINE
SPRAGUE HALL,CORE CAMPUS,IRVINE,IRVINE
TAMKIN LECT,CORE CAMPUS,IRVINE,IRVINE
UNIV CLUB,CORE CAMPUS,IRVINE,IRVINE
VERANO 1700,CORE CAMPUS,IRVINE,IRVINE
VERANO 2700,CORE CAMPUS,IRVINE,IRVINE
VERANO 66000,CORE CAMPUS,IRVINE,IRVINE
VERANO L 305,CORE CAMPUS,IRVINE,IRVINE
14250 ARMINT,ARMINTA S26T8R5E8E T,LOS ANGELES,LOS ANGELES
ACOSTA CTR,CHARLES 2E2. 1Y OUNG,LOS ANGELES,LOS ANGELES
ARWHD BRCRK,CREEK 8LA50N E,LOS ANGELES,LOS ANGELES
ARWHD HOLLY,WILLOW C85R0E EK,LOS ANGELES,LOS ANGELES
ARWHD PINE,WILLOW C85R0E EK,LOS ANGELES,LOS ANGELES
BIOMED SCI,CHARLES E75. 7Y OUNG,LOS ANGELES,LOS ANGELES
BUS TERMINAL,HILGARD A39V0E NUE,LOS ANGELES,LOS ANGELES
CLARK SF FIL,CIMARRON 6S1T5R EET,LOS ANGELES,LOS ANGELES
CT SCI ST CN,CHARLES E38. 0Y ODUE NG,LOS ANGELES,LOS ANGELES
DE NEVE E,CHARLES 3E8. 1Y OUNG,LOS ANGELES,LOS ANGELES
EAST MELNITZ,CHARLES 2E4. 5Y OUNG,LOS ANGELES,LOS ANGELES
FACTOR,TIVERTON 4A0V4E NUE,LOS ANGELES,LOS ANGELES
GLENROC K WST,GLENROC 1K0 A1V DEEN UE,LOS ANGELES,LOS ANGELES
HERSHEY HALL,CHARLES 3E3. 5Y OUNG,LOS ANGELES,LOS ANGELES
K36 KINROSS,KINROSS A20V0E SNTUEEIN,LOS ANGELES,LOS ANGELES
KINNARD HSE,KINNARD A22V1E NUE,LOS ANGELES,LOS ANGELES
LAKRETZ,CHARLES E61. 4Y OUNG,LOS ANGELES,LOS ANGELES
MACGOWA N,CHARLES E33. 7Y OUNG,LOS ANGELES,LOS ANGELES
MOORE HALL,PORTOLA 6P6L0A ZA,LOS ANGELES,LOS ANGELES
OHA J,NEVE D67R5I VE,LOS ANGELES,LOS ANGELES
PARKG STR 2,CHARLES 8E2. 0Y OUNG,LOS ANGELES,LOS ANGELES
PARKG STR RC,EASTON 2D0R0I VDEE,LOS ANGELES,LOS ANGELES
REED RESRCH,WESTWOO 6D4 P0L AZA,LOS ANGELES,LOS ANGELES
SAC,WESTWOO D12 P0L AZA,LOS ANGELES,LOS ANGELES
SNSTCYN PPLLR,EASTON DRIVE,LOS ANGELES,LOS ANGELES
SPROUL LAND,NEVE 2D5R1I VE,LOS ANGELES,LOS ANGELES
TIVERTON HSE,TIVERTON 4A1V0E NUE,LOS ANGELES,LOS ANGELES
UCOP SF ART,CHESTNU T10 S0T REET,LOS ANGELES,LOS ANGELES
UN VILL 3151,SEPULVED 3A2 34,LOS ANGELES,LOS ANGELES
UN VILL 3185,SEPULVED A,LOS ANGELES,LOS ANGELES
UN VILL 3245,SEPULVED A31 95,LOS ANGELES,LOS ANGELES
UN VILL 3280,SAWTELLE B32O7U0L EVA,LOS ANGELES,LOS ANGELES
UN VILL CCC,SEPULVED A32 75,LOS ANGELES,LOS ANGELES
WARREN HALL,WEYBURN P90L0A CE,LOS ANGELES,LOS ANGELES
WOODEN WEST,WESTWOO D55 P5L AZA,LOS ANGELES,LOS ANGELES
CENTRAL PLNT,CORE CAMPUS,MERCED,MERCED
LIBRARY BLDG,CORE CAMPUS,MERCED,MERCED
SCI ENG BLDG,CORE CAMPUS,MERCED,MERCED
1531 OROBLAN,OROBLAN C15O6 3A VE,RIVERSIDE,RIVERSIDE
1640 OROBLAN,OROBLAN 1C6O2 6A VE,RIVERSIDE,RIVERSIDE
5037 MONACHE,MONACHE L5L0O45 L ANE,RIVERSIDE,RIVERSIDE
5141 PIXIE,5141 PIXIE WAY,RIVERSIDE,RIVERSIDE
ARAB 1,CORE CAMPUS,RIVERSIDE,RIVERSIDE
BANNOCK G,CORE CAMPUS,RIVERSIDE,RIVERSIDE
BANNOCK Q,CORE CAMPUS,RIVERSIDE,RIVERSIDE
BIO CTRL BLD,CORE 7C5A0M8P0 US,RIVERSIDE,RIVERSIDE
BOYDEN LAB,CORE CAMPUS,RIVERSIDE,RIVERSIDE
CC AVOC 3418,CORE CAMPUS,RIVERSIDE,RIVERSIDE
CC AVOC 3449,CORE CAMPUS,RIVERSIDE,RIVERSIDE
CC AVOC 3472,CORE CAMPUS,RIVERSIDE,RIVERSIDE
CC BLAIN 758,CORE CAMPUS,RIVERSIDE,RIVERSIDE
CC BLAIN 890,CORE CAMPUS,RIVERSIDE,RIVERSIDE
CC FLOR 3408,CORE CAMPUS,RIVERSIDE,RIVERSIDE
CC GRAPE 725,CORE CAMPUS,RIVERSIDE,RIVERSIDE
CC GRAPE 826,CORE CAMPUS,RIVERSIDE,RIVERSIDE
CC IDAH 3330,CORE CAMPUS,RIVERSIDE,RIVERSIDE
CC IDAH 3370,CORE CAMPUS,RIVERSIDE,RIVERSIDE
CC KENT 3381,CORE CAMPUS,RIVERSIDE,RIVERSIDE
CC KENT 3459,CORE CAMPUS,RIVERSIDE,RIVERSIDE
CC LIND 731,CORE CAMPUS,RIVERSIDE,RIVERSIDE
CC PLUM 818,CORE CAMPUS,RIVERSIDE,RIVERSIDE
CC UTAH 3304,CORE CAMPUS,RIVERSIDE,RIVERSIDE
CC UTAH 3334,CORE CAMPUS,RIVERSIDE,RIVERSIDE
CC UTAH 3354,CORE CAMPUS,RIVERSIDE,RIVERSIDE
CC UTAH 3376,CORE CAMPUS,RIVERSIDE,RIVERSIDE
CHANC HOUSE,CORE CAMPUS,RIVERSIDE,RIVERSIDE
CNTRL UTL PL,CORE CAMPUS,RIVERSIDE,RIVERSIDE
CORP C,CORE CAMPUS,RIVERSIDE,RIVERSIDE
DC CAR PDOCRT,DEEP CBOANYDYON,RIVERSIDE,RIVERSIDE
EDGEMOO R GAR,EDGEMOO R ROAD,RIVERSIDE,RIVERSIDE
ENT FUMIGATR,CORE CAMPUS,RIVERSIDE,RIVERSIDE
FALKIRK 13,CANYON C34R2E9S T,RIVERSIDE,RIVERSIDE
FALKIRK 5,CANYON C34R2E9S T,RIVERSIDE,RIVERSIDE
FARM A,CORE CAMPUS,RIVERSIDE,RIVERSIDE
GENOM SHED,CORE C57A8M PUS,RIVERSIDE,RIVERSIDE
GH 16 10,CORE CAMPUS,RIVERSIDE,RIVERSIDE
GH 16 25,CORE CAMPUS,RIVERSIDE,RIVERSIDE
GH 16 49,CORE CAMPUS,RIVERSIDE,RIVERSIDE
GH 51,CORE CAMPUS,RIVERSIDE,RIVERSIDE
GH PLASTC 06,CORE CAMPUS,RIVERSIDE,RIVERSIDE
GH03 RESRCH,CORE CAMPUS,RIVERSIDE,RIVERSIDE
GH15,CORE CAMPUS,RIVERSIDE,RIVERSIDE
GLEN MOR B,CORE CAMPUS,RIVERSIDE,RIVERSIDE
GLEN MOR K,CORE CAMPUS,RIVERSIDE,RIVERSIDE
GR MT BIN 1,MOUNTAIN SG RANITE,RIVERSIDE,RIVERSIDE
GR MT SHOP,MOUNTAIN SG RANITE,RIVERSIDE,RIVERSIDE
HERBARIU M,CORE CAMPUS,RIVERSIDE,RIVERSIDE
HUMAN RSOURC,UNIVERSIT YB OAYVDE,RIVERSIDE,RIVERSIDE
JR LOLOMI LG,SAN JAMCIENST O,RIVERSIDE,RIVERSIDE
LATH 8,CORE CAMPUS,RIVERSIDE,RIVERSIDE
MAYHEW BL,DEEP GCARNAYNOITNE,RIVERSIDE,RIVERSIDE
MOTTE SJRH OP,RIMROCK RJAEMSESR VE,RIVERSIDE,RIVERSIDE
OBAN APTS F,LINDEN S95T0R WEETST,RIVERSIDE,RIVERSIDE
PARKING T2,CORE CAMPUS,RIVERSIDE,RIVERSIDE
PENTLAND J,CORE CAMPUS,RIVERSIDE,RIVERSIDE
PHYSICS,CORE CAMPUS,RIVERSIDE,RIVERSIDE
PUMP 2,CORE CAMPUS,RIVERSIDE,RIVERSIDE
RUBIDOUX SCR,GLENWOO D45 D01R IVE,RIVERSIDE,RIVERSIDE
SOM DINING,CORE C50A2M9PUS,RIVERSIDE,RIVERSIDE
STOR 3,CORE CAMPUS,RIVERSIDE,RIVERSIDE
STORAGE DOCK,CORE CAMPUS,RIVERSIDE,RIVERSIDE
T EH&S,CORE CAMPUS,RIVERSIDE,RIVERSIDE
T9A,CORE CAMPUS,RIVERSIDE,RIVERSIDE
UNIV OFC BLD,CORE CAMPUS,RIVERSIDE,RIVERSIDE
104,CORE CAMPUS,SAN DIEGO,SAN DIEGO
114 ARBOR ST,ARBOR PSATRECETL,SAN DIEGO,SAN DIEGO
301A,CORE CAMPUS,SAN DIEGO,SAN DIEGO
3765WEST MESA,CORE CAMPUS,SAN DIEGO,SAN DIEGO
3867 MESA,CORE CAMPUS,SAN DIEGO,SAN DIEGO
3943 MESA,CORE CAMPUS,SAN DIEGO,SAN DIEGO
4043 MESA,CORE CAMPUS,SAN DIEGO,SAN DIEGO
413 TRAILER,CORE CAMPUS,SAN DIEGO,SAN DIEGO
6TH APTS 600,CORE CAMPUS,SAN DIEGO,SAN DIEGO
6TH APTS1600,CORE CAMPUS,SAN DIEGO,SAN DIEGO
9100S MESA,CORE CAMPUS,SAN DIEGO,SAN DIEGO
9148S MESA,CORE CAMPUS,SAN DIEGO,SAN DIEGO
9188S MESA,CORE CAMPUS,SAN DIEGO,SAN DIEGO
9244 MESA,CORE CAMPUS,SAN DIEGO,SAN DIEGO
9264 MESA,CORE CAMPUS,SAN DIEGO,SAN DIEGO
9350A COAST,CORE CAMPUS,SAN DIEGO,SAN DIEGO
ASANTE MTG,CORE CAMPUS,SAN DIEGO,SAN DIEGO
BFS FROGHOU,CORE CAMPUS,SAN DIEGO,SAN DIEGO
BLK BOX REST,CORE CAMPUS,SAN DIEGO,SAN DIEGO
CAMP SERV D,CORE CAMPUS,SAN DIEGO,SAN DIEGO
CE DOG BLDGS,A9 POARMCEERLA D,SAN DIEGO,SAN DIEGO
CENT MOL GEN,CORE CAMPUS,SAN DIEGO,SAN DIEGO
CMM WEST,CORE CAMPUS,SAN DIEGO,SAN DIEGO
CSC TR3,CORE CAMPUS,SAN DIEGO,SAN DIEGO
DOUGLAS,CORE CAMPUS,SAN DIEGO,SAN DIEGO
ECEC NORTH 1,CORE CAMPUS,SAN DIEGO,SAN DIEGO
ECKART LIB,CORE CAMPUS,SAN DIEGO,SAN DIEGO
EM CONT WT 6A R,CORE CAMPUS,SAN DIEGO,SAN DIEGO
ERCLAUN DRY S,CORE CAMPUS,SAN DIEGO,SAN DIEGO
EUROPE,CORE CAMPUS,SAN DIEGO,SAN DIEGO
FRANK HALL,CORE CAMPUS,SAN DIEGO,SAN DIEGO
GLAUCOM A,CORE CAMPUS,SAN DIEGO,SAN DIEGO
HARLAN HALL,CORE CAMPUS,SAN DIEGO,SAN DIEGO
IGPP 2000,CORE CAMPUS,SAN DIEGO,SAN DIEGO
IOA ADDTN,CORE CAMPUS,SAN DIEGO,SAN DIEGO
LARGE ANIMAL,A9 POMERAD,SAN DIEGO,SAN DIEGO
LJ SOL 3367,3367 LEJ BSONL,SAN DIEGO,SAN DIEGO
LJ SOL 8018,8018 LJE BSONL,SAN DIEGO,SAN DIEGO
LJ SOL 8126,8126 LEJ BSONL,SAN DIEGO,SAN DIEGO
LJ SOL 8232,8232 LEJ BSONL,SAN DIEGO,SAN DIEGO
MARFAC PIER,ROSECRA NS,SAN DIEGO,SAN DIEGO
MARSH K,CORE CAMPUS,SAN DIEGO,SAN DIEGO
MARSH U,CORE CAMPUS,SAN DIEGO,SAN DIEGO
MATTHEW S A,CORE CAMPUS,SAN DIEGO,SAN DIEGO
MCM1,CORE CAMPUS,SAN DIEGO,SAN DIEGO
MIDDLE EAST,CORE CAMPUS,SAN DIEGO,SAN DIEGO
MULTIPUR POSE,CORE MED CTR,SAN DIEGO,SAN DIEGO
NCHOUSIN G1-3,CORE CAMPUS,SAN DIEGO,SAN DIEGO
NCHOUSIN G2-5,CORE CAMPUS,SAN DIEGO,SAN DIEGO
NO FLD RESTR,CORE CAMPUS,SAN DIEGO,SAN DIEGO
PANGEA,CORE CAMPUS,SAN DIEGO,SAN DIEGO
POWELL STRUC,CORE CAMPUS,SAN DIEGO,SAN DIEGO
PRICE CTR,CORE CAMPUS,SAN DIEGO,SAN DIEGO
RES SUPT B,CORE CAMPUS,SAN DIEGO,SAN DIEGO
RITTER HALL,SIO,SAN DIEGO,SAN DIEGO
SCI ENG RSCH,CORE CAMPUS,SAN DIEGO,SAN DIEGO
SHOUSE W,CORE CAMPUS,SAN DIEGO,SAN DIEGO
SOLEDAD BG 1,7120 MT SOLEDAD,SAN DIEGO,SAN DIEGO
SOMGRDH SG,CORE CAMPUS,SAN DIEGO,SAN DIEGO
STUCENT WEST,CORE CAMPUS,SAN DIEGO,SAN DIEGO
STWT ANNEX,CORE CAMPUS,SAN DIEGO,SAN DIEGO
T 30,CORE CAMPUS,SAN DIEGO,SAN DIEGO
TAMARAC K W,CORE CAMPUS,SAN DIEGO,SAN DIEGO
THORNTO N HSP,CORE CAMPUS,SAN DIEGO,SAN DIEGO
UC968,CORE CAMPUS,SAN DIEGO,SAN DIEGO
UH BACH CYN,CORE MED CTR,SAN DIEGO,SAN DIEGO
UH WEST WING,CORE MED CTR,SAN DIEGO,SAN DIEGO
UNEX J,CORE CAMPUS,SAN DIEGO,SAN DIEGO
UREY HALL,CORE CAMPUS,SAN DIEGO,SAN DIEGO
VIS ARTS #6,CORE CAMPUS,SAN DIEGO,SAN DIEGO
1338 3RD AVE,1338 3RD AVE,FRANCISC OSAN,SAN FRANCISCO
1442 5TH AVE,1442 5TH AVE,FRANCISC SOAN,SAN FRANCISCO
1486-88 5TH,1486-88 95T0 H AVE,FRANCISC OSAN,SAN FRANCISCO
ALDEA SMG 12,JOHNSTO N15E4 D5 R,FRANCISC OSAN,SAN FRANCISCO
AMMONIA F,CENTER W10A0Y,FRANCISC SOAN,SAN FRANCISCO
EH AND S,MEDICAL C18E5N5T ER,FRANCISC OSAN,SAN FRANCISCO
HUNTERP T 830,830 PALOU S61T2,FRANCISC SOAN,SAN FRANCISCO
LPPI PAINT S,PARNASS U40S1 AVE,FRANCISC OSAN,SAN FRANCISCO
MOFFITT HOSP,PARNASS U50S5 AVE,FRANCISC SOAN,SAN FRANCISCO
MTZ BLDG N,2255 POST ST,FRANCISC SOAN,SAN FRANCISCO
ROCK HALL,FOURTH ST,FRANCISC SOAN,SAN FRANCISCO
AQUAR FACIL,CORE CAMPUS,SANTA BARBARA,SANTA BARBARA
BEACH PMP,CORE CAMPUS,SANTA BARBARA,SANTA BARBARA
BLDG 429,CORE CAMPUS,SANTA BARBARA,SANTA BARBARA
BUCHANA N HLL,CORE CAMPUS,SANTA BARBARA,SANTA BARBARA
CENTEN HSE,CORE CAMPUS,SANTA BARBARA,SANTA BARBARA
COMM TRAILER,CORE CAMPUS,SANTA BARBARA,SANTA BARBARA
DEV7015,DEVEREU XB OWLATYON,SANTA BARBARA,SANTA BARBARA
ELEC SUB STA,CORE CAMPUS,SANTA BARBARA,SANTA BARBARA
ENG TLR 698,CORE CAMPUS,SANTA BARBARA,SANTA BARBARA
FACULTY CLUB,CORE CAMPUS,SANTA BARBARA,SANTA BARBARA
FM STG 415,CORE CAMPUS,SANTA BARBARA,SANTA BARBARA
GIRVETZ HALL,CORE CAMPUS,SANTA BARBARA,SANTA BARBARA
ICA,CORE CAMPUS,SANTA BARBARA,SANTA BARBARA
MADULCE,CORE CAMPUS,SANTA BARBARA,SANTA BARBARA
MOSHER ALUMN,CORE CAMPUS,SANTA BARBARA,SANTA BARBARA
NORTH HALL,CORE CAMPUS,SANTA BARBARA,SANTA BARBARA
POLICE 317,CORE CAMPUS,SANTA BARBARA,SANTA BARBARA
REC STG 537,CORE CAMPUS,SANTA BARBARA,SANTA BARBARA
SAN RAFAEL M,CORE CAMPUS,SANTA BARBARA,SANTA BARBARA
SCI FAC NO 7,CRUZ ISSALNATNAD,SANTA BARBARA,SANTA BARBARA
SNARL HDQT,MORRISO 1N0 R23D MT,SANTA BARBARA,SANTA BARBARA
SRB,CORE CAMPUS,SANTA BARBARA,SANTA BARBARA
STK APT 762,LAUREL W78A6L K,SANTA BARBARA,SANTA BARBARA
STK APT 772,LAUREL W78A6L K,SANTA BARBARA,SANTA BARBARA
STK APT 783,LAUREL 7W8A6L K,SANTA BARBARA,SANTA BARBARA
STK APT 794,LAUREL W69A0L0K,SANTA BARBARA,SANTA BARBARA
SY ACTIV 815,COLEGIO &EL L OS,SANTA BARBARA,SANTA BARBARA
SY APTS 807,COLEGIO &EL L OS,SANTA BARBARA,SANTA BARBARA
SY APTS 821,COLEGIO E&L L OS,SANTA BARBARA,SANTA BARBARA
THTR DNCE E,CORE CAMPUS,SANTA BARBARA,SANTA BARBARA
WEST STG 367,STORKE RD,SANTA BARBARA,SANTA BARBARA
WST APT 707,WALK & SBTOOLTROKNE,SANTA BARBARA,SANTA BARBARA
WST APT 717,WALK & SBOTOLTROKNE,SANTA BARBARA,SANTA BARBARA
WST APT 727,WALK & SBTOOLTROKNE,SANTA BARBARA,SANTA BARBARA
WST CHLD CTR,STORKE SRODUTH,SANTA BARBARA,SANTA BARBARA
WST HTR 740,WALK & BSTOOLTROKNE,SANTA BARBARA,SANTA BARBARA
WST HTR 750,WALK & BSTOOLTROKNE,SANTA BARBARA,SANTA BARBARA
WST LSV STBL,STORKE RSODUTH,SANTA BARBARA,SANTA BARBARA
AGROECO A2,1156 HIGH ST,SANTA CRUZ,SANTA CRUZ
AUT TELLER 2,1156 HIGH ST,SANTA CRUZ,SANTA CRUZ
BCR WP SHED,RESERVE HBIG HCWRAEEYK,SANTA CRUZ,SANTA CRUZ
CASFS SOILS,1156 HIGH ST,SANTA CRUZ,SANTA CRUZ
CL CLRM BLDG,1156 HIGH ST,SANTA CRUZ,SANTA CRUZ
CL TCUL RNER,1156 HIGH ST,SANTA CRUZ,SANTA CRUZ
COL 9 APT 5,1156 HIGH ST,SANTA CRUZ,SANTA CRUZ
COMMS TRLR 3,1156 HIGH ST,SANTA CRUZ,SANTA CRUZ
CR COLL COR M,1156 HIGH ST,SANTA CRUZ,SANTA CRUZ
CR HSG BLD 5,1156 HIGH ST,SANTA CRUZ,SANTA CRUZ
CR LIB STUDY,1156 HIGH ST,SANTA CRUZ,SANTA CRUZ
DESCART ECSR,1156 HIGH ST,SANTA CRUZ,SANTA CRUZ
EBASK BLDG G,1156 HIGH ST,SANTA CRUZ,SANTA CRUZ
EH&S TRAILR,1156 HIGH ST,SANTA CRUZ,SANTA CRUZ
EIGHT DRM AG,1156 HIGH ST,SANTA CRUZ,SANTA CRUZ
EMER RES CEN,1156 HIGH ST,SANTA CRUZ,SANTA CRUZ
FARM VEG SH,1156 HIGH ST,SANTA CRUZ,SANTA CRUZ
FUEL LOCKER,1156 HIGH STREET,SANTA CRUZ,SANTA CRUZ
GRAD HS STOR,1156 HIGH ST,SANTA CRUZ,SANTA CRUZ
HOUSG STOR 2,1156 HIGH ST,SANTA CRUZ,SANTA CRUZ
KIOSK EAST,1156 HIGH ST,SANTA CRUZ,SANTA CRUZ
KR HOUSE 03,1156 HIGH ST,SANTA CRUZ,SANTA CRUZ
KR LOUNGE,1156 HIGH ST,SANTA CRUZ,SANTA CRUZ
L CT APT 704,704 NOBEL DRIVE,SANTA CRUZ,SANTA CRUZ
L CT APT 740,740 NOBEL DRIVE,SANTA CRUZ,SANTA CRUZ
LML CARETR A,SHAFFER ROAD,SANTA CRUZ,SANTA CRUZ
LML GRNHS 08,SHAFFER ROAD,SANTA CRUZ,SANTA CRUZ
LML TRLR 08,SHAFFER R10O0A D,SANTA CRUZ,SANTA CRUZ
MBEST HQ D,3239 IMJIN RD,SANTA CRUZ,SANTA CRUZ
ME FAC CTAO M,1156 HIGH ST,SANTA CRUZ,SANTA CRUZ
ME STUD COMA,1156 HIGH ST,SANTA CRUZ,SANTA CRUZ
MTHAM DORM 2,HAMILTON R72D81 MT,SANTA CRUZ,SANTA CRUZ
MTHAM LABMES,HAMILTON R72D81 MT,SANTA CRUZ,SANTA CRUZ
MTHAM R 7217,HAMILTON 7R2D81 MT,SANTA CRUZ,SANTA CRUZ
MTHAM R 7266,HAMILTON 7R2D81 MT,SANTA CRUZ,SANTA CRUZ
MTHAM SCHOOL,HAMILTON R72D81 MT,SANTA CRUZ,SANTA CRUZ
NAT SCI 2,1156 HIGH ST,SANTA CRUZ,SANTA CRUZ
OAK C11 15,1156 HIGH ST,SANTA CRUZ,SANTA CRUZ
OAKES DORM 3,1156 HIGH ST,SANTA CRUZ,SANTA CRUZ
PE ACTIVITY,1156 HIGH ST,SANTA CRUZ,SANTA CRUZ
PORTER APT G,1156 HIGH ST,SANTA CRUZ,SANTA CRUZ
PP&C TRLR 2,1156 HIGH ST,SANTA CRUZ,SANTA CRUZ
RDWD APTS 15,1156 HIGH ST,SANTA CRUZ,SANTA CRUZ
SH 119-121,1156 HIGH ST,SANTA CRUZ,SANTA CRUZ
SH 308-316,1156 HIGH ST,SANTA CRUZ,SANTA CRUZ
SH 601-605,1156 HIGH ST,SANTA CRUZ,SANTA CRUZ
SH 712-714,1156 HIGH ST,SANTA CRUZ,SANTA CRUZ
SIGN SHOP,1156 HIGH 7S2T81 MT,SANTA CRUZ,SANTA CRUZ
ST COL SHTS E,1156 HIGH ST,SANTA CRUZ,SANTA CRUZ
ST LIB STUDY,1156 HIGH ST,SANTA CRUZ,SANTA CRUZ
TA DRAMA,1156 HIGH ST,SANTA CRUZ,SANTA CRUZ
TAPS 40 CONT,1156 HIGH STREET,SANTA CRUZ,SANTA CRUZ
UCOLICK LABB,1156 HIGH ST,SANTA CRUZ,SANTA CRUZ
VILL HSG C5,1156 HIGH ST,SANTA CRUZ,SANTA CRUZ
VILL HSG F3,1156 HIGH ST,SANTA CRUZ,SANTA CRUZ
BERKWAY 2120,BERKELEY W70A RYINCON,SYSTEMWI DE,SYSTEMWIDE
